seller_id,seller_name,city,state,zip_code,email,phone,created_at
SEL00001,"Rodriguez, Figueroa and Sanchez",Lake Curtis,RS,97581,garzaanthony@robinson.org,2834863794,2020-03-18T16:56:13
SEL00002,"Henderson, Ramirez and Lewis",Curtisfurt,PR,13177,melanie94@blair.com,(518)349-5931x0341,2022-01-30T20:27:37
SEL00003,Ramirez-Reid,Franciscostad,SP,27961,jacqueline19@jackson.biz,783-550-3056x413,2020-11-14T10:35:38
SEL00004,"Porter, Wilkerson and Day",West Donald,PR,98148,julie69@cox-osborn.com,671.201.2269x16697,2020-09-27T02:37:44
SEL00005,"Le, Maldonado and Herrera",Kaylamouth,MG,15122,ryan70@liu.com,914.289.3252x88095,2020-04-08T17:53:19
SEL00006,Hickman LLC,North John,SP,74865,millertodd@spence.com,(578)624-8963,2021-11-10T06:49:44
SEL00007,Carney-Santos,Lammouth,SP,16361,jeffreymorgan@spencer.com,510.451.8347,2020-03-23T10:39:55
SEL00008,"Walls, Duncan and Kennedy",Aguirreborough,MG,12864,hopkinsmichael@owens-daniel.com,4658133387,2023-07-27T09:39:54
SEL00009,Ramirez and Sons,South Lindseyside,SP,13334,pearsonamber@novak.com,(977)436-0260x64746,2022-05-14T07:24:09
SEL00010,Phillips Inc,Lake Leeton,BA,77070,hshaw@brown.com,(219)313-6193,2020-01-21T04:34:57
SEL00011,Sandoval-Cunningham,Sarahborough,SC,88283,john62@brewer.com,6794911838,2021-05-11T01:03:40
SEL00012,Ibarra-Suarez,Justinmouth,PR,71701,cheryl80@montoya.com,911-682-4493x534,2022-11-23T02:55:03
SEL00013,Davis Group,Bradleymouth,SP,17647,evan78@patterson.com,+1-605-798-2620,2021-10-30T22:57:27
SEL00014,Nolan and Sons,Lake Curtis,PB,73886,vdickson@frost.com,(360)825-6342,2022-11-11T18:18:31
SEL00015,Garrison and Sons,Port Samantha,SP,46331,lori33@keller.com,614-258-6850x142,2023-03-26T09:25:59
SEL00016,Carlson LLC,Samuelhaven,SP,15658,mlam@williams-graham.net,+1-635-661-5951,2022-12-04T15:11:51
SEL00017,"Ortiz, Powell and Phillips",East Robert,RS,50196,christinaturner@bass.org,+1-757-377-3872x148,2020-05-14T23:53:58
SEL00018,Chambers and Sons,East Andrew,PR,32593,xcarr@gibson.org,567.463.2016,2021-01-22T19:42:47
SEL00019,"Holmes, Williams and Wright",South Dennismouth,MT,88001,stephanie79@mcclain.info,(677)943-4873,2023-03-22T01:34:09
SEL00020,Reeves and Sons,Matthewside,SP,11062,edwardreyes@mccarthy.biz,(258)776-0366x90967,2022-06-29T20:57:24
SEL00021,Molina-Castaneda,Medinaside,BA,79570,tracynelson@johnson-rogers.biz,001-427-929-8069x901,2023-01-28T13:27:43
SEL00022,Williams Group,Jasonmouth,MG,44737,aramirez@conley-ruiz.net,4535100330,2020-08-04T02:24:29
SEL00023,Wells Inc,South Holly,SP,48852,catherinestuart@wilson.com,001-504-396-6319,2021-12-09T01:19:36
SEL00024,"Barton, Jefferson and Burke",Port Tonyaton,SC,46009,estanley@holland.info,965-972-6284,2020-09-04T21:43:15
SEL00025,Petersen-Vargas,Melissaland,CE,37060,dsanchez@bishop.com,(273)554-5494,2020-11-09T19:12:45
SEL00026,Allen Group,Petersbury,RJ,91020,fbrewer@mcguire-davis.com,(934)695-7885x6855,2023-11-09T16:43:21
SEL00027,King-Martinez,West David,RS,70737,jamesrodgers@hardy-bray.net,+1-641-234-3524x082,2023-02-07T11:51:32
SEL00028,Tran Ltd,Lake Miranda,SP,64841,salasaudrey@mendoza-peterson.com,671-316-7190x229,2023-01-08T18:54:13
SEL00029,Wilson Group,Port Alexandra,SP,59550,levans@torres-oliver.org,001-813-934-1232x812,2022-04-09T11:18:32
SEL00030,"Wheeler, Carter and Hall",Jacquelinemouth,PR,09830,sandrafrench@lawrence.com,+1-632-942-1024,2020-08-09T20:09:25
SEL00031,Harrison LLC,Benderhaven,RS,71277,mkim@preston.com,+1-940-913-9904x902,2021-06-15T17:01:20
SEL00032,White-Richards,Costafort,MG,46108,qcook@hodge.biz,001-874-268-0715x451,2022-01-30T14:25:32
SEL00033,"Booth, Murray and Brown",Cindyfort,SP,82474,nwolf@dunn-pennington.info,001-371-509-3248x086,2023-03-24T22:14:55
SEL00034,Murray Inc,South Sarah,SP,38755,robert77@bryant.biz,698.221.4658,2021-11-13T07:41:38
SEL00035,Barber-Monroe,Grimesmouth,PR,71093,jreed@bennett.com,001-463-960-5766,2020-06-22T19:02:08
SEL00036,Martinez PLC,Mollymouth,SP,13570,jsmith@pitts-booker.com,345.596.1586x5780,2020-04-09T17:34:02
SEL00037,"Cohen, Mitchell and Perez",South Tiffanyville,BA,58654,heatherberger@nguyen.com,(856)523-8692x221,2023-05-31T09:00:53
SEL00038,Durham-Thomas,Littlemouth,SP,33967,nolansteven@byrd-moore.info,(894)764-7436x713,2021-10-17T12:01:14
SEL00039,"Phillips, Lyons and Johnson",Hillshire,GO,90390,lozanojulie@parsons-hall.com,239.742.1047,2022-09-04T16:05:01
SEL00040,"Anderson, Browning and Murphy",Thompsonberg,SP,71202,alyssa42@sloan-raymond.com,001-651-371-2368x516,2024-03-31T01:22:51
SEL00041,Richardson-Curry,Brendastad,RJ,14702,thomasharvey@murphy.info,001-446-812-0047x113,2023-11-26T14:28:26
SEL00042,Watson-Avery,Matthewsberg,SP,54880,basschristina@johnson-wood.info,935.315.8506x431,2021-03-09T19:35:29
SEL00043,"Lewis, Fowler and Maddox",Port Matthewberg,SP,74501,caseyhubbard@willis.com,001-729-504-2284x210,2022-03-27T07:26:03
SEL00044,"Morris, Thompson and Williams",Foxland,SC,62923,gstrickland@rodriguez.com,001-384-770-0766x177,2023-08-24T02:20:28
SEL00045,"Hernandez, Martinez and Weber",Oscarhaven,PE,39153,bwagner@mcguire.net,001-736-673-6576x615,2023-05-25T21:27:37
SEL00046,Mckay-Mcdaniel,Jonesland,RJ,12720,vdavis@cain-hawkins.org,+1-685-716-5604,2021-03-05T18:45:44
SEL00047,Lane and Sons,Lake Timothy,MG,14685,megan51@andrews-aguirre.net,001-499-480-9402x445,2020-10-09T10:41:49
SEL00048,"Sandoval, Jones and Figueroa",North Julieborough,SC,49809,kchavez@collins-nguyen.org,+1-910-822-9014x767,2020-12-06T16:01:55
SEL00049,Lewis-Hunt,Russellport,SP,89396,trose@walker.com,2349324451,2021-05-12T01:07:20
SEL00050,"Jordan, Anderson and Patel",New Angelica,SC,88063,charles06@stevens.com,001-769-466-4160,2023-08-04T14:31:42
SEL00051,"Stevens, Norris and Cox",Richardbury,MG,57605,zwarren@reese-walker.com,581-388-3552,2023-04-10T10:19:48
SEL00052,Scott and Sons,Port Katherine,RJ,10377,stephanieburton@webster-wolf.info,+1-799-355-2717x7449,2023-12-25T04:19:44
SEL00053,Murray-Johnson,Marieland,MG,84998,gilbertwilliam@carpenter-best.com,393.459.7820x715,2020-02-05T16:05:13
SEL00054,Wright Group,Warrenburgh,PR,48197,samantha66@shelton-williams.com,751-386-4492,2020-12-21T21:35:48
SEL00055,"Alvarado, Rangel and Collins",Andersonland,PR,41078,vschneider@santiago.net,768-950-5423,2022-04-08T23:55:40
SEL00056,Perez and Sons,North Kenneth,SC,13757,stanleynancy@anderson.org,(970)565-3794,2022-11-22T21:19:18
SEL00057,"Allen, Sheppard and Mueller",West Erika,SP,75267,smurray@shaw-barnes.com,392.640.7581,2023-09-12T18:26:49
SEL00058,Hines LLC,Whiteheadberg,SP,57841,pottsjeffrey@wilkerson-arias.biz,2687536153,2020-01-11T01:59:17
SEL00059,Combs Ltd,Laceyberg,MA,05521,samantha72@harrison.com,232-589-8614x341,2022-03-29T07:42:38
SEL00060,Fowler-Dean,North Maryfort,MT,78716,chenbailey@thomas.com,001-262-818-5188,2021-07-09T01:14:59
SEL00061,Williams-Hughes,Jontown,MG,47306,cooperjessica@garcia.com,3589527722,2020-11-26T14:33:57
SEL00062,Carter Inc,North Leslie,PE,41143,ihays@king-mullins.com,950-954-1566x7652,2022-07-16T05:39:22
SEL00063,Glass-Stone,Lake Rogerchester,CE,79465,amymorris@murphy.com,296.327.5705x964,2024-04-26T06:05:17
SEL00064,"Walsh, Cox and Owen",North Douglas,RS,80136,ejohnson@osborne.com,(790)892-7557x1928,2021-04-19T20:31:19
SEL00065,Banks-Wright,North Jillfort,RJ,68362,hmcintyre@hampton-padilla.com,+1-747-331-2172x715,2021-05-16T21:58:09
SEL00066,"Daniels, Vance and York",Port Michael,MG,29892,gallowaylaura@tyler.com,+1-695-878-2911,2024-07-05T18:02:09
SEL00067,"Higgins, Fox and Hammond",East Teresaland,ES,59480,wfrazier@humphrey.org,(426)480-1824,2022-10-04T02:49:39
SEL00068,Donovan-Perez,Meghanview,MG,26230,david49@davis.org,(229)695-9001,2020-12-13T13:27:43
SEL00069,"Clark, Armstrong and Montgomery",South Pamelaside,AM,38468,timothy64@jones-brown.info,(377)735-9255x56258,2022-08-13T09:54:55
SEL00070,Owens LLC,Wrightville,SP,07133,sonia96@estes.com,001-953-227-8774,2022-01-18T08:41:14
SEL00071,Landry PLC,Levyborough,PE,76961,brandon47@khan.net,8162245650,2020-09-01T16:33:04
SEL00072,"Hoffman, Cox and Roberts",Gordonside,SP,37164,andersoncolin@norton-morgan.com,001-923-498-6800x025,2024-02-18T22:04:30
SEL00073,"Barry, Taylor and Velazquez",Franciscoport,BA,78321,william88@erickson-evans.com,(551)269-4097x499,2021-01-25T17:23:01
SEL00074,"Castillo, Warren and Griffith",Hernandezbury,SP,04639,leescott@hernandez-vaughn.biz,997.702.8385x78652,2024-01-16T15:37:21
SEL00075,"Gomez, Ingram and Le",Chelseaborough,PA,32812,angela34@bush-vaughn.info,275-684-4198x66524,2021-05-28T00:45:30
SEL00076,"Miller, Bradshaw and Douglas",Lewisside,SP,36038,derrick99@sanchez.net,230.416.5712,2023-08-07T15:27:05
SEL00077,Delgado-Gilmore,Woodsborough,PB,99579,manuel01@andrews.com,(262)606-7240,2021-09-16T22:54:37
SEL00078,"Morrison, Hebert and Rogers",Haysside,PR,69224,ismall@mcdonald.com,001-774-320-5493x296,2023-05-24T15:01:19
SEL00079,Caldwell-Lopez,South Marcus,AL,33013,greenjoe@finley-turner.org,8456301742,2023-03-06T04:15:03
SEL00080,"Wilson, Hendricks and Phillips",East Susan,RJ,63177,spencerzhang@perry-dunn.info,001-583-439-1878x519,2024-05-27T01:15:07
SEL00081,Murphy PLC,Wilsonborough,RJ,94468,gdavis@stokes-chavez.net,(279)808-7406x40391,2022-02-09T05:10:57
SEL00082,Graves-Weaver,North Valeriefort,SP,04660,robert26@haney-reyes.biz,(218)625-1286x8230,2022-11-16T09:29:13
SEL00083,Nunez-Stephens,Morrowbury,SP,60876,eric31@pacheco.org,001-903-531-1907x903,2021-12-15T22:35:53
SEL00084,"Robinson, Shields and Brown",Jimshire,MG,42300,joel28@gutierrez.com,+1-792-868-7056,2020-01-23T08:11:17
SEL00085,Hernandez-Bennett,Allenbury,SP,39919,lindamelendez@gutierrez.biz,543.251.7518,2020-07-01T21:56:46
SEL00086,Bennett-Jacobs,Port Charlesshire,SP,95437,timothybooth@turner-stout.com,717.639.3638,2020-04-07T14:19:11
SEL00087,Owens-Wong,Josehaven,CE,65680,ugarcia@gill-flores.com,(856)609-3204x899,2020-08-08T03:30:25
SEL00088,Gonzalez and Sons,Hudsonbury,MG,65945,jonathan77@jackson-norton.com,(287)228-0801,2022-05-15T04:46:11
SEL00089,Taylor-Mccoy,Lake Edwardborough,RS,66788,nbrooks@estrada.info,6082860084,2021-10-27T14:39:15
SEL00090,"Li, Craig and Drake",North Samantha,MG,69233,johnharvey@ochoa-adams.biz,256-379-3341,2024-01-08T12:54:23
SEL00091,Gray-Tran,Lake Albertburgh,SP,11338,pbruce@knight-hodge.com,703.239.7401x48902,2024-01-09T11:25:06
SEL00092,Matthews Ltd,Hickmanport,BA,21793,ashleyatkinson@mosley.com,001-818-750-1631x599,2021-08-14T13:59:33
SEL00093,Walters Group,Perezside,SP,49708,llopez@james.com,001-211-642-6265x511,2023-09-01T05:30:21
SEL00094,Ward-Nelson,North Jacob,RJ,59331,fgarcia@spencer-carlson.com,(404)666-1839x8262,2023-07-01T06:00:27
SEL00095,Adams-Thomas,South Joshua,RJ,39790,xpatton@raymond-le.info,+1-793-971-2406x596,2020-06-17T07:17:46
SEL00096,Jordan-Colon,West Malik,RS,91634,timothythompson@novak-carter.info,001-535-464-6519,2020-11-01T18:34:06
SEL00097,"Saunders, Johnson and Acosta",South Lauren,SP,91312,fuenteslaura@chambers-taylor.com,842.866.1797,2022-11-20T04:14:08
SEL00098,"Johnson, Schmitt and Miles",North Kaylastad,SC,22303,hartdeanna@ross.biz,501-943-8889,2020-12-05T11:41:22
SEL00099,Myers-Barton,West Whitney,SP,63778,phillipssamantha@wilson.com,(745)373-8757x177,2021-08-13T23:00:14
SEL00100,Williams-Page,Port Matthewville,MG,89255,sarahyang@thompson.info,962.826.6093,2021-03-11T12:44:59
SEL00101,Smith-Lewis,Karenland,RJ,76175,lloydamanda@nguyen-ellis.com,+1-478-659-6969x1557,2022-05-15T09:49:53
SEL00102,"Lawrence, Powers and Edwards",West Daryl,RJ,49430,williambarnes@andrews.com,782.282.7422x5790,2020-08-22T05:06:17
SEL00103,Taylor-Ochoa,Ortizfort,RJ,54978,fburns@johnson.com,384.327.9788,2020-10-31T04:36:14
SEL00104,Hampton-Morrow,Amberton,SP,94739,bpayne@fitzgerald.com,807-445-1713x3959,2020-02-15T20:25:30
SEL00105,"Taylor, Clark and Clark",New Michaelview,MT,78732,mariopadilla@armstrong-farley.net,+1-412-660-4223x2536,2022-01-04T09:43:56
SEL00106,"Perry, Hayes and Schultz",South Zacharyview,SP,91557,shawn75@smith.info,+1-451-986-3637x4545,2024-02-17T20:01:37
SEL00107,Shannon-Farmer,North Conniemouth,RJ,02635,nobleeric@smith-rubio.com,001-824-624-1541x520,2023-05-30T23:43:52
SEL00108,"Lyons, Young and Rios",North Jasonland,GO,17894,aprilwallace@dominguez.biz,001-427-813-6111x554,2021-05-26T12:14:00
SEL00109,May Ltd,North Alyssa,RJ,01611,scottbowen@goodman.info,711.421.9656,2023-04-27T23:57:22
SEL00110,Hill Inc,New Carolyn,SP,95027,kimberly04@holmes.com,001-264-703-7613x791,2023-11-14T15:52:59
SEL00111,Anderson-Valencia,Diazburgh,SP,62237,smithcarlos@lewis-livingston.biz,348.566.6188x92414,2024-02-21T00:51:03
SEL00112,Herrera Group,West Hollybury,SP,08090,christopherhamilton@salazar-brown.com,602-402-7588,2022-07-10T20:08:21
SEL00113,Martinez-Norman,Jessicaville,SP,04348,lindsay48@baker.com,378.550.7925x2419,2020-06-30T16:49:49
SEL00114,"Hicks, Williams and Roy",North Thomas,MG,50698,haroldhorne@tran.biz,353.265.4195,2020-07-08T09:19:32
SEL00115,Walker PLC,South Caseymouth,SC,37503,mark87@wood.org,293-575-9738x3206,2020-06-26T14:33:06
SEL00116,"Reed, Franco and Wiley",Aaronfurt,SP,97242,dalton83@vasquez-brown.com,001-441-803-8657x191,2024-01-21T07:55:42
SEL00117,Vargas Inc,Batesberg,MG,31535,jose56@decker.com,932-791-2127,2021-05-04T03:02:06
SEL00118,Martinez-Howard,South Kyle,SP,35236,davislindsey@mckenzie-terry.com,652.613.5680,2024-04-26T18:26:14
SEL00119,Johnson Group,Hawkinsside,SP,33249,murraylinda@martinez.com,(236)351-9941,2021-07-31T08:06:49
SEL00120,Orr Group,North Rebecca,SP,43957,williamssteven@glass.biz,506.662.5324x4720,2020-07-30T03:31:45
SEL00121,Jenkins-Pierce,North Joshuaberg,RS,55450,dawnrobles@mccoy.com,(757)587-5985x6420,2021-12-31T18:04:25
SEL00122,Huang LLC,Port Victoriahaven,RJ,47350,terrigarcia@allen.com,001-439-565-2239x559,2022-02-03T23:08:49
SEL00123,Weaver-Thompson,North Brianbury,MG,03113,nsmith@drake.com,700-629-2185x15691,2020-05-03T11:21:11
SEL00124,Taylor-Moore,Connerfort,RS,85590,grant89@walker-chapman.com,(544)322-0969x0295,2023-07-26T11:40:30
SEL00125,Taylor-Mcgee,West Toni,RS,22506,underwoodelizabeth@tanner.com,001-915-841-0067x626,2024-06-12T05:30:17
SEL00126,Payne-Garcia,Kramershire,SP,85824,franciscojones@phillips.com,715-926-2181,2022-03-21T04:05:58
SEL00127,"Johnson, Dunlap and Martin",Mooreville,SP,43898,terriortiz@bowen.com,331-606-9872x0506,2022-09-03T03:14:49
SEL00128,"Weber, Castillo and Davis",East Danielle,SP,11240,tanthony@ruiz-jacobson.com,286-625-6527,2023-05-14T15:55:54
SEL00129,Marshall-Perez,Anneberg,SP,99097,millermaurice@gutierrez.com,(486)387-9374x1608,2022-07-21T01:24:12
SEL00130,Thompson-Joyce,Port James,RJ,06094,rmiller@harris-carson.com,+1-945-211-6868x548,2020-08-13T09:12:24
SEL00131,"Dean, Mills and Barnes",Hernandezshire,SP,77562,buckleyanna@floyd.com,(846)279-9702x46299,2020-11-06T15:08:33
SEL00132,Preston-Rivera,North Julie,SP,35704,andrew44@cameron-garrison.com,524.975.4691,2021-10-24T05:56:14
SEL00133,Mcintyre Group,Malonestad,MG,07868,cameronmckinney@taylor-york.org,7235303070,2021-02-15T12:40:38
SEL00134,Richardson-Marshall,Reidville,AM,89783,allentracy@thompson-harrell.org,+1-255-424-1406,2020-08-01T17:27:06
SEL00135,"Chan, Lewis and Walker",Lake Jamie,PE,85905,xpalmer@smith.org,9346944665,2023-02-22T01:56:13
SEL00136,Owens Ltd,Silvatown,SP,67546,anna99@evans-rodriguez.com,445-244-4328x30965,2023-09-23T09:24:34
SEL00137,"Jimenez, Phillips and Meadows",Priceton,BA,76919,matthewreeves@nichols.com,542.782.4172x48251,2022-07-28T21:18:46
SEL00138,Garner LLC,Frenchmouth,RS,49218,brenda71@brown-walters.org,+1-417-538-1684x602,2024-07-01T08:40:36
SEL00139,Ortiz-Hudson,Thomasburgh,SP,11093,lcook@walters-smith.com,829.827.1296,2022-07-19T03:17:50
SEL00140,Sanford-Reyes,New Jamesstad,AM,02346,katherine83@rhodes.com,454.321.6894,2020-11-17T19:58:09
SEL00141,Evans LLC,Lunahaven,PA,44781,ibarron@ferrell-henry.com,(460)333-2309,2021-02-21T05:28:16
SEL00142,Dawson-Conner,Mcdowellview,SP,70589,wheelerbrandon@valdez.com,001-616-876-1847x230,2020-11-28T13:10:50
SEL00143,"Garcia, Meyer and Dean",South Maria,PR,14252,campbellkristen@gonzalez-gonzalez.com,235.364.2087x37530,2021-04-27T23:02:10
SEL00144,Conley Ltd,Hernandezland,SP,67571,cummingscraig@newman-bryant.com,270-212-0455x611,2021-10-16T09:41:06
SEL00145,Alvarado and Sons,Michaelmouth,PR,82002,natalie15@white-morales.info,967-962-1202x169,2021-09-24T13:18:56
SEL00146,Carr LLC,Port Gabrielleberg,PR,63819,arodriguez@williams-green.com,3898935889,2022-03-31T04:03:58
SEL00147,"Barber, Olson and Alvarado",Hernandezside,MG,80836,smithsarah@allison.com,001-975-935-4083x866,2022-02-19T04:57:27
SEL00148,"West, Gates and West",South Julietown,GO,13954,jgutierrez@smith.org,+1-948-783-7550x3758,2020-06-06T19:50:24
SEL00149,"Chavez, Davis and Hopkins",West Michaelport,SP,72287,jacqueline02@taylor-love.biz,549-733-1637,2023-08-09T00:05:55
SEL00150,Sherman Inc,Port Patriciamouth,BA,86806,tamarasmith@williams.info,529.622.1699x58669,2020-05-16T23:20:50
SEL00151,Stuart-Waller,Ballardberg,SP,54600,megan85@doyle.com,+1-845-622-8851x587,2021-02-10T10:37:14
SEL00152,Stokes-Mills,South Dustinton,RS,26702,karen24@king.com,880.557.1983,2022-03-24T20:48:01
SEL00153,"Mueller, Lindsey and Roberts",South Paulmouth,SP,72869,smithjohn@melton.com,+1-359-889-3347x2122,2023-10-04T17:38:36
SEL00154,Patterson PLC,Davidshire,MG,33926,riverajenna@williams.org,5944798515,2023-08-21T18:38:52
SEL00155,"Jones, Wagner and Perry",Davisbury,MG,28465,mark43@moreno.com,857-339-9305,2020-12-13T13:55:16
SEL00156,Scott-Ramsey,New Lynnstad,SP,67912,stucker@lee.com,001-288-901-3361x386,2021-04-08T02:17:35
SEL00157,"Rivera, Miller and Brown",Angelashire,MG,30338,rickey76@stewart-price.com,+1-309-619-0158,2023-02-21T02:44:21
SEL00158,"Turner, Miller and Hubbard",Jamestown,MG,62627,amandataylor@robles-atkinson.com,+1-824-350-8821x0099,2021-04-05T02:40:23
SEL00159,Clark-Figueroa,Jasonhaven,RJ,19172,jackjensen@lee-white.org,5879814141,2020-05-09T22:59:09
SEL00160,Howard-Lambert,North Justin,SP,09650,louishayes@hopkins.org,(756)920-5336x452,2020-05-03T22:46:38
SEL00161,Griffin-Hampton,Arnoldburgh,GO,85114,wilkinsonmichele@vance.com,001-611-908-0996x930,2021-10-14T16:26:30
SEL00162,"Rowe, Diaz and Walker",Dennishaven,PR,67401,sanderswayne@allen.com,001-582-372-2992x750,2020-11-15T08:50:52
SEL00163,Wood-Williams,New Rebecca,RJ,47850,dharrison@williams.com,884-749-8926,2023-06-16T13:41:39
SEL00164,"Valdez, Houston and Black",Kaufmanbury,MT,68182,wgomez@sparks-eaton.com,327.523.1843x22259,2021-04-25T04:19:55
SEL00165,Shepherd-Cortez,Leonardfort,ES,28118,deborahjenkins@williams.org,(428)809-2024,2022-01-05T12:24:52
SEL00166,"Costa, Walsh and Johns",Staceyborough,CE,59378,kdillon@greer.com,001-329-584-2579,2021-07-04T01:58:53
SEL00167,Cruz-Rodriguez,New Michele,PE,66608,mserrano@thompson.org,2888117298,2020-03-18T00:12:19
SEL00168,"Fisher, Golden and Wolfe",Perezfort,SP,50470,brianna91@anderson-woods.com,349-286-4300,2022-10-29T01:32:36
SEL00169,Pena-Watts,Robertville,SC,20788,qpearson@wyatt-henderson.com,+1-946-636-8872x588,2023-07-03T03:33:30
SEL00170,Lane-Schroeder,Fitzgeraldville,BA,98518,seanlyons@garcia.biz,689-502-6012x79611,2022-02-10T00:41:26
SEL00171,Miller-Johnson,Ariasfurt,SP,80974,jennifer90@bowman.com,484.230.9883,2020-12-01T20:11:38
SEL00172,Allen-Smith,North Wendy,RJ,52855,elizabeth69@holmes.com,584-989-5543,2020-04-30T07:30:56
SEL00173,Andrews-Green,Hunterside,CE,09988,matthew18@walter-li.org,376-697-3577x907,2021-11-22T01:51:36
SEL00174,Reyes and Sons,Port Leslie,SP,46782,haynesjose@davis-nunez.com,482-575-5394,2023-12-01T02:41:49
SEL00175,Mclaughlin-Young,Port Joseph,RJ,30543,maryhuff@moore-rodriguez.com,+1-479-608-0759x5794,2021-12-08T02:44:59
SEL00176,Walker-Ray,New Laurenfort,SP,71380,shawphillip@parsons.net,450.603.6915x594,2021-08-23T00:48:03
SEL00177,Adams PLC,Michaelfort,RJ,56068,robertgoodwin@dickerson-ramirez.com,001-829-531-4386,2022-05-15T14:08:58
SEL00178,Marsh Ltd,South Linda,CE,23649,oporter@ferguson.com,+1-990-361-2034,2022-05-17T05:04:05
SEL00179,Garner-Green,Annview,RJ,45608,jenkinsmichael@mccarty.net,(645)958-7716,2024-05-01T16:02:24
SEL00180,"Frye, Oneill and Davidson",Robertshire,RJ,53555,millermatthew@stewart-carter.com,+1-464-575-9876x220,2022-10-25T20:19:25
SEL00181,"King, Manning and Brady",East Randy,PA,13025,zunigathomas@johnson.net,001-411-449-2164x334,2020-12-24T08:30:14
SEL00182,Johnson LLC,Michellemouth,PE,71356,amy28@garza.org,(488)645-7831x74564,2022-03-22T13:37:00
SEL00183,Smith and Sons,Justinside,SP,01591,earroyo@smith-jordan.com,+1-830-885-3686x632,2022-04-04T18:36:24
SEL00184,Baker Group,New Kathy,SP,80876,justin84@lopez-jones.com,217-497-4973x5020,2023-09-12T03:25:20
SEL00185,Campbell and Sons,Acostabury,RJ,12323,alexisrobinson@collins-lloyd.com,505.612.0461x872,2022-09-01T13:28:33
SEL00186,Clayton-Martinez,South Kelsey,RJ,58560,joanjohnson@moss-davis.com,764.252.0881x4743,2024-05-07T22:28:02
SEL00187,"Robinson, Rodriguez and Chen",Alexisview,SP,77138,fosterjohn@perkins.info,001-292-751-3271x950,2021-08-13T13:18:02
SEL00188,"Moore, Herrera and Rodriguez",Hallside,SP,84996,linda73@norris.com,707-778-4873x928,2023-09-16T18:48:19
SEL00189,"Mcdonald, Dillon and George",North Amanda,SP,59402,lori85@smith-little.biz,001-920-495-9351x863,2021-09-04T04:00:15
SEL00190,"Campbell, Ortiz and Morris",New Donnaton,RJ,17510,morganharris@lee-johnson.biz,+1-378-999-4053x9103,2020-08-05T09:37:30
SEL00191,"Brown, Grant and Hurley",Shortton,MA,81363,allison14@blackburn.com,438-863-3839,2022-10-22T21:29:56
SEL00192,"Garcia, Fowler and Howard",Parkchester,RS,14145,laurapierce@morgan.info,(558)855-6659x398,2021-01-22T04:44:13
SEL00193,"Howe, King and Nixon",Moyertown,PR,95700,birdcaitlin@taylor.com,450.348.8899,2022-07-22T01:39:05
SEL00194,Stevens and Sons,West Michael,MG,76805,jesseshepherd@duncan.com,001-315-272-7919x409,2023-06-22T19:58:57
SEL00195,Bailey-Montoya,Conradville,SP,30217,walterscrystal@torres.com,+1-992-358-3206,2022-07-07T13:38:58
SEL00196,Reynolds Group,East Matthew,MG,62872,kelleyjose@shaw-ayala.com,001-327-683-7693x898,2021-08-19T00:38:03
SEL00197,Morris-Glass,North Emilychester,RJ,48377,james59@johnson.org,592.470.3352x110,2023-03-23T23:07:15
SEL00198,Smith-Benson,West Shannontown,PR,44000,jodylewis@mills.com,001-606-298-0420x439,2021-06-24T16:25:08
SEL00199,Pena-Smith,Guerrerostad,RS,14642,carternicole@hall-james.com,679-781-2387x80038,2022-07-24T00:26:57
SEL00200,Long-Moore,Gabriellestad,RJ,82451,joel84@garrett.com,+1-543-825-6216,2020-01-02T06:16:08
